SET FOREIGN_KEY_CHECKS=0;
SET SQL_MODE="NO_AUTO_VALUE_ON_ZERO";
SET AUTOCOMMIT=0;
START TRANSACTION;
SET time_zone = "+00:00";

/*!40101 SET @OLD_CHARACTER_SET_CLIENT=@@CHARACTER_SET_CLIENT */;
/*!40101 SET @OLD_CHARACTER_SET_RESULTS=@@CHARACTER_SET_RESULTS */;
/*!40101 SET @OLD_COLLATION_CONNECTION=@@COLLATION_CONNECTION */;
/*!40101 SET NAMES utf8 */;


INSERT INTO `FuncionAgrupacion` (`id`, `acronimo`, `nombre`) VALUES
(1, 'avg', 'Media'),
(2, 'min', 'Mínimo'),
(3, 'max', 'Máximo'),
(4, 'sum', 'Suma'),
(5, 'acum', 'Acumulado');

INSERT INTO `IntervaloAgrupacion` (`id`, `acronimo`, `nombre`) VALUES
(1, 'dia', 'Día'),
(2, 'mes', 'Mes'),
(3, 'anualidad', 'Año');

INSERT INTO `Metrica` (`id`, `acronimo`, `nombre`, `descripcion`, `unidad`, `grupo`, `orden`, `ordenApp`, `prediccion`, `ocultar`, `ocultarNoDisponible`, `grafica`) VALUES
(1, 'T', 'Temperatura', '', '°C', 1, 10, 10, 1, 0, 0, NULL),
(2, 'h', 'Humectación en hoja (porcentaje)', '', '%', 2, 22, 120, 0, 0, 0, NULL),
(3, 'S1', 'Estrés hídrico (conector 1)', '', 'cbar', 3, 20, NULL, 0, 0, 1, NULL),
(4, 'S2', 'Estrés hídrico (conector 2)', '', 'cbar', 3, 30, NULL, 0, 0, 1, NULL),
(5, 'S3', 'Estrés hídrico (conector 3)', '', 'cbar', 3, 40, NULL, 0, 0, 1, NULL),
(6, 'H', 'Humedad relativa', '', '%', 2, 10, 30, 1, 0, 0, NULL),
(7, 'TS', 'Temperatura en suelo', '', '°C', 3, 10, 150, 0, 0, 0, NULL),
(8, 'P', 'Presión atmosférica', '', 'hPa', 4, 10, 160, 0, 0, 0, NULL),
(9, 'Vel', 'Velocidad del viento', '', 'km/h', 4, 20, 130, 1, 0, 0, NULL),
(10, 'Dir', 'Dirección del viento', '', '°', 4, 30, NULL, 1, 0, 0, NULL),
(11, 'Plu', 'Precipitaciones', '', 'mm', 4, 50, NULL, 1, 0, 0, '{"type":"column","grouping":false,"pointPlacement":"on"}'),
(12, 'T_in', 'Temperatura interna', '', '°C', 7, 10, NULL, 0, 1, 1, NULL),
(13, 'Bat', 'Batería (capacidad)', '', '%', 7, 22, NULL, 0, 1, 1, '{"tooltip":{"valueDecimals":0}}'),
(14, 'BatV', 'Batería (voltaje)', '', 'V', 7, 20, NULL, 0, 1, 1, '{"tooltip":{"valueDecimals":2}}'),
(15, NULL, 'Integral térmica Winkler (10 °C)', 'Suma de la diferencia de 10 °C con las temperaturas medias diarias superiores a 10 °C', '°C', 1, 70, 60, 0, 0, 0, '{"type":"areaspline","fillOpacity":0.25,"pointPlacement":"on","tooltip":{"valueDecimals":0}}'),
(16, NULL, 'Precipitaciones diarias', '', 'mm', 4, 60, 20, 1, 0, 0, '{"type":"column","grouping":false,"pointPlacement":"on"}'),
(17, NULL, 'Temperatura media', '', '°C', 1, 20, NULL, 1, 0, 0, NULL),
(18, NULL, 'Horas frío (7 °C)', 'Número de horas en las que la temperatura ha sido menor que 7 °C', 'h', 1, 75, 70, 1, 0, 0, '{"type":"areaspline","fillOpacity":0.25,"pointPlacement":"on","tooltip":{"valueDecimals":0}}'),
(19, NULL, 'Diferencia temperatura día-noche', 'Diferencia entre la temperatura media del día y de la noche', '°C', 1, 35, NULL, 1, 0, 0, NULL),
(20, NULL, 'Punto de rocío', '', '°C', 1, 40, 140, 1, 0, 0, NULL),
(21, 'R', 'Radiación solar', '', 'W/m²', 4, 40, 170, 0, 0, 0, NULL),
(22, NULL, 'Moteado (manzano y peral)', 'Permite la predicción del grado de peligro de la infección del moteado del manzano según las condiciones ambientales existentes. Se ha modelizado con una variante del método de Mills y Laplace.', '', 8, 40, 85, 1, 0, 0, '{"tooltip":{"valueDecimals":2}}'),
(24, 'D1', 'Dendrómetro', '', 'µm', 6, 11, NULL, 0, 0, 0, NULL),
(25, 'D2', 'Dendrómetro (conector 2)', '', 'µm', 6, 21, NULL, 0, 0, 1, NULL),
(26, 'mh', 'Humectación en hoja (tiempo)', '', 'min', 2, 20, NULL, 0, 0, 0, NULL),
(27, 'VelMax', 'Racha de viento máxima', '', 'km/h', 4, 21, NULL, 0, 0, 0, NULL),
(28, 'VWC1', 'Contenido volumétrico de agua (25 cm)', '', '%', 3, 60, NULL, 0, 0, 1, NULL),
(29, 'VWC2', 'Contenido volumétrico de agua (60 cm)', '', '%', 3, 70, NULL, 0, 0, 1, NULL),
(30, 'VWC3', 'Contenido volumétrico de agua (100 cm)', '', '%', 3, 80, NULL, 0, 0, 1, NULL),
(31, NULL, 'Mildiu (vid)', 'Se trata de una enfermedad fúngica producida por el hongo ficomicete ''Plasmopara viticola''.\r\nEl modelo implementado fue concebido por Goidanich.', '%', 8, 10, 80, 1, 0, 0, '{"tooltip":{"valueDecimals":0}}'),
(32, NULL, 'Oídio (vid)', 'El oídio está causado por el hongo ''Uncinula necator''.\r\nEl modelo que predice el índice de riesgo de que el viñedo desarrolle esta enfermedad se ha obtenido a partir del modelo de Thomas, C. S., Gubler, W. D., y Leavitt, G. (1994).', '%', 8, 20, 81, 1, 0, 0, '{"tooltip":{"valueDecimals":0}}'),
(33, NULL, 'Botrytis (vid)', 'Permite la predicción del índice de riesgo de la infección por el hongo ''Botrytis cinerea'', causante de la botrytis en la vid. Se ha implementado el modelo desarrollado por Broome, J. C., English, J. T. Marois, J. J., Latorre, B. A. and Aviles, J. C. (1995).', '', 8, 30, 82, 1, 0, 0, '{"type":"areaspline","fillOpacity":0.4,"tooltip":{"valueDecimals":0}}'),
(34, NULL, 'Temperatura mínima', '', '°C', 1, 50, NULL, 1, 0, 0, NULL),
(35, NULL, 'Temperatura máxima', '', '°C', 1, 52, NULL, 1, 0, 0, NULL),
(36, NULL, 'Evapotranspiración', 'Pérdida de humedad de una superficie por evaporación directa junto con la pérdida de agua por transpiración de la vegetación. Se ha modelizado a partir del método Penman-Monteith.', 'mm', 2, 50, 100, 0, 0, 0, NULL),
(37, NULL, 'Radiación solar diaria', '', 'MJ', 4, 41, NULL, 0, 0, 0, NULL),
(38, 'D3', 'Dendrómetro (conector 3)', '', 'µm', 6, 31, NULL, 0, 0, 1, NULL),
(39, NULL, 'Radiación solar diaria neta', '', 'MJ', 4, 42, NULL, 0, 0, 0, NULL),
(40, NULL, 'Agua útil', '', 'mm', 3, 100, 50, 0, 0, 0, '{"type":"areaspline","fillOpacity":0.25,"pointPlacement":"on","tooltip":{"valueDecimals":0}}'),
(41, NULL, 'Presión de vapor', '', 'hPa', 2, 40, NULL, 1, 0, 0, NULL),
(42, 'UV', 'Radiación solar ultravioleta', '', 'W/m²', 4, 45, NULL, 0, 0, 0, NULL),
(43, NULL, 'Actividad vegetativa (10 °C)', 'Número de días del periodo en el que las temperaturas medias se mantienen superiores a 10 °C', 'días', 5, 10, 200, 1, 0, 0, '{"type":"areaspline","fillOpacity":0.25,"pointPlacement":"on","tooltip":{"valueDecimals":0}}'),
(44, NULL, 'Integral térmica activa (10 °C)', 'Suma de las temperaturas medias diarias superiores a 10 °C', '°C', 5, 20, 205, 0, 0, 0, '{"type":"areaspline","fillOpacity":0.25,"pointPlacement":"on","tooltip":{"valueDecimals":0}}'),
(45, NULL, 'Insolación diaria', 'Horas de sol durante las que la radiación solar directa supera los 120 W/m²', 'h', 4, 43, NULL, 0, 0, 0, NULL),
(46, NULL, 'Índice heliotérmico', 'Relaciona la integral térmica eficaz con la suma de horas de sol (modelo de Branas)', '', 5, 50, 210, 0, 0, 0, '{"type":"areaspline","fillOpacity":0.25,"pointPlacement":"on","tooltip":{"valueDecimals":2}}'),
(47, NULL, 'Índice de posibilidades heliotérmicas', 'Permite evaluar las posibilidades heliotérmicas de un medio vitícola (modelo de Huglin)', '', 5, 60, 215, 1, 0, 0, '{"type":"areaspline","fillOpacity":0.25,"pointPlacement":"on","tooltip":{"valueDecimals":0}}'),
(48, NULL, 'Índice bioclimático de Hidalgo', '', '', 5, 70, 220, 0, 0, 0, '{"type":"areaspline","fillOpacity":0.25,"pointPlacement":"on","tooltip":{"valueDecimals":2}}'),
(49, NULL, 'Temperatura media diurna', '', '°C', 1, 21, NULL, 0, 0, 0, NULL),
(50, NULL, 'Humedad relativa media diurna', '', '%', 2, 12, NULL, 0, 0, 0, NULL),
(51, NULL, 'Crecimiento diario', '', 'µm', 6, 12, NULL, 0, 0, 0, NULL),
(52, NULL, 'Contracción diaria', '', 'µm', 6, 13, NULL, 0, 0, 0, NULL),
(53, NULL, 'Crecimiento diario (conector 2)', '', 'µm', 6, 22, NULL, 0, 0, 1, NULL),
(54, NULL, 'Contracción diaria (conector 2)', '', 'µm', 6, 23, NULL, 0, 0, 1, NULL),
(55, NULL, 'Crecimiento diario (conector 3)', '', 'µm', 6, 32, NULL, 0, 0, 1, NULL),
(56, NULL, 'Contracción diaria (conector 3)', '', 'µm', 6, 33, NULL, 0, 0, 1, NULL),
(57, NULL, 'Presión atmosférica normalizada', 'Calcula la presión atmosférica a nivel del mar teniendo en cuenta la presión atmosférica, la altitud de la ubicación y la temperatura', 'hPa', 4, 12, 162, 0, 0, 0, NULL),
(58, NULL, 'Precipitación efectiva', 'Se obtiene a partir de la diferencia de las precipitaciones menos la evapotranspiración del día', 'mm', 4, 70, NULL, 0, 0, 0, '{"type":"column","grouping":false,"pointPlacement":"on"}'),
(59, NULL, 'Tendencia dendrometría', '', 'µm', 6, 14, 190, 0, 0, 0, NULL),
(60, NULL, 'Tendencia dendrometría (conector 2)', '', 'µm', 6, 24, 191, 0, 0, 1, NULL),
(61, NULL, 'Tendencia dendrometría (conector 3)', '', 'µm', 6, 34, 192, 0, 0, 1, NULL),
(62, NULL, 'Índice de frescor nocturno', '', '°C', 5, 85, 230, 1, 0, 0, NULL),
(63, NULL, 'Temperatura media del ciclo', '', '°C', 5, 80, 225, 1, 0, 0, NULL),
(64, 'VWC4', 'Contenido volumétrico de agua (150 cm)', '', '%', 3, 90, NULL, 0, 0, 1, NULL),
(65, 'D4', 'Dendrómetro (conector 4)', '', 'µm', 6, 41, NULL, 0, 0, 1, NULL),
(66, 'S4', 'Estrés hídrico (conector 4)', '', 'cbar', 3, 50, NULL, 0, 0, 1, NULL),
(67, NULL, 'Índice de sequía', 'Se ha modelizado mediante una adaptación de Tonietto (1999) del balance hídrico de Riou (1994).', 'mm', 3, 150, NULL, 0, 0, 0, '{"type":"column","grouping":false,"pointPlacement":"on"}'),
(68, NULL, 'Transpiración de la vid', '', 'mm/día', 2, 60, 110, 0, 0, 0, NULL),
(69, NULL, 'Precipitaciones acumuladas', '', 'mm', 4, 65, NULL, 1, 0, 0, '{"type":"areaspline","fillOpacity":0.25,"pointPlacement":"on"}'),
(70, 'Sal1', 'Salinidad (25 cm)', '', 'mS/cm', 3, 110, NULL, 0, 0, 0, '{"tooltip":{"valueDecimals":2}}'),
(71, 'Sal2', 'Salinidad (60 cm)', '', 'mS/cm', 3, 120, NULL, 0, 0, 1, '{"tooltip":{"valueDecimals":2}}'),
(72, 'Sal3', 'Salinidad (100 cm)', '', 'mS/cm', 3, 130, NULL, 0, 0, 1, '{"tooltip":{"valueDecimals":2}}'),
(73, 'Sal4', 'Salinidad (150 cm)', '', 'mS/cm', 3, 140, NULL, 0, 0, 1, '{"tooltip":{"valueDecimals":2}}'),
(74, NULL, 'Tendencia dendrometría (conector 4)', '', 'µm', 6, 44, 193, 0, 0, 1, NULL),
(75, NULL, 'Contracción diaria (conector 4)', '', 'µm', 6, 43, NULL, 0, 0, 1, NULL),
(76, NULL, 'Crecimiento diario (conector 4)', '', 'µm', 6, 42, NULL, 0, 0, 1, NULL),
(77, NULL, 'Variación de temperatura diaria', 'Diferencia entre la temperatura máxima del día y la mínima de la noche', '°C', 1, 30, NULL, 0, 0, 0, NULL),
(78, 'H_in', 'Humedad relativa interna', '', '%', 7, 15, NULL, 0, 1, 1, NULL),
(79, NULL, 'Probabilidad de precipitación', '(predicción AEMET)', '%', 4, 80, NULL, 1, 0, 1, NULL),
(80, NULL, 'Mancha negra (peral)', '', '', 8, 50, 86, 0, 0, 0, '{"tooltip":{"valueDecimals":2}}'),
(81, NULL, 'Agua útil (porcentaje)', '', '%', 3, 101, NULL, 0, 0, 1, '{"type":"areaspline","fillOpacity":0.25,"pointPlacement":"on"}'),
(82, NULL, 'Estrés hídrico', '', 'cbar', 3, 55, 55, 0, 0, 0, NULL),
(83, NULL, 'Evapotranspiración acumulada', '', 'mm', 2, 51, NULL, 0, 0, 1, NULL),
(84, NULL, 'Mildiu (tomate)', 'Este modelo genera índices potenciales de infección (IPI) que predicen el aumento de inóculo más probable de Phytophthora infestans en el medio ambiente. Valores del IPI por encima de 15 indican un alto riesgo de enfermedad.\r\nSe ha implementado el modelo de R. Bugiani, P. Cavanni y I. Ponti (1993).', '', 8, 60, 88, 0, 0, 0, NULL),
(85, NULL, 'Oidiopsis (tomate)', 'Se usa el modelo de R.A. Guzman-Plazola (1997) y R. Michael Davis y J.J. Marois (1995).', '%', 8, 61, 89, 0, 0, 0, NULL),
(87, NULL, 'Fuego bacteriano (peral)', 'Calcula el riesgo de infección del fuego bacteriano en el peral mediante el método BRS (Billing Revised System). El modelo solo debe aplicarse en época de floración.', '', 8, 51, 87, 0, 0, 0, NULL),
(88, NULL, 'Índice de Seleaninov', '', '', 5, 90, NULL, 1, 0, 0, '{"type":"areaspline","fillOpacity":0.25,"pointPlacement":"on","tooltip":{"valueDecimals":2}}'),
(89, NULL, 'Polilla del racimo (vid)', 'Este modelo predice el desarrollo del ciclo biológico de la polilla del racimo (Lobesia botrana), basado en la acumulación de temperaturas medias diaras por encima de 10ºC. Se ha usado la tabla de Touzeau (1981) para mostrar el estado de cada generación.', '°C', 8, 35, 83, 0, 0, 0, '{"tooltip":{"valueDecimals":0}}'),
(90, NULL, 'Fuego bacteriano Maryblyt™ (peral)', '', '', 8, 52, NULL, 0, 1, 0, NULL),
(91, 'C', 'Riego', '', 'ℓ', 4, 100, NULL, 0, 1, 0, '{"type":"column","grouping":false,"pointPlacement":"on"}'),
(92, NULL, 'Caudal de riego', '', 'ℓ/h', 4, 105, NULL, 0, 1, 0, NULL),
(93, NULL, 'Riego diario', '', 'ℓ', 4, 110, NULL, 0, 1, 0, '{"type":"column","grouping":false,"pointPlacement":"on"}'),
(94, NULL, 'Riego acumulado', '', 'ℓ', 4, 115, NULL, 0, 1, 0, '{"type":"areaspline","fillOpacity":0.25,"pointPlacement":"on"}'),
(95, 'COV_SGF', 'Calidad de cobertura Sigfox', '', '', 7, 30, NULL, 0, 1, 1, NULL),
(96, 'COV_GSM', 'Cobertura (GSM)', '', 'asu', 7, 31, NULL, 0, 1, 1, NULL),
(97, NULL, 'Heladas', '', '', 1, 80, NULL, 1, 1, 0, NULL);

INSERT INTO `MetricaDerivada` (`metrica`, `parametros`, `diaria`, `acumulativa`, `calculable`, `atajoMetrica`, `atajoFuncionAgrupacion`, `atajoIntervaloAgrupacion`) VALUES
(15, 'integralTermica?umbral=10&tipo=eficaz', 1, 1, 0, NULL, NULL, NULL),
(16, 'pluviometriaDiaria?metrica=11', 1, 0, 1, 11, 4, 1),
(17, 'temperaturaDiaria?metrica=1&funcion=avg', 1, 0, 1, 1, 1, 1),
(18, 'horasFrio?metrica=1&umbral=7', 1, 1, 0, NULL, NULL, NULL),
(19, 'diferenciaTemperaturaDiaNoche?metrica=1', 1, 0, 1, NULL, NULL, NULL),
(20, 'puntoDeRocio?metrica=1', 0, 0, 1, NULL, NULL, NULL),
(22, 'indiceMoteado?metrica=6&umbral=10&modelo=true', 0, 0, 0, NULL, NULL, NULL),
(31, 'enfermedadMildiu?metrica=11&dias=21&umbral=10&modelo=true', 1, 0, 0, NULL, NULL, NULL),
(32, 'enfermedadOidio?metrica=1&modelo=true', 1, 0, 0, NULL, NULL, NULL),
(33, 'enfermedadBotrytis?modelo=true&umbral=15', 0, 1, 0, NULL, NULL, NULL),
(34, 'temperaturaDiaria?metrica=1&funcion=min', 1, 0, 1, 1, 2, 1),
(35, 'temperaturaDiaria?metrica=1&funcion=max', 1, 0, 1, 1, 3, 1),
(36, 'evapotranspiracion?calorEspSuelo=2.1&profSuelo=0.4', 1, 0, 1, NULL, NULL, NULL),
(37, 'radiacionDiaria?metrica=21', 1, 0, 1, NULL, NULL, NULL),
(39, 'radiacionDiariaNeta?metrica=21&albedo=23', 1, 0, 1, NULL, NULL, NULL),
(40, 'aguaUtil?eg=10,40,60&cc=35.3&pmp=18.4', 0, 0, 0, NULL, NULL, NULL),
(41, 'presionVapor', 0, 0, 1, NULL, NULL, NULL),
(43, 'integralTermica?umbral=10&tipo=duracion', 1, 1, 0, NULL, NULL, NULL),
(44, 'integralTermica?umbral=10&tipo=activa', 1, 1, 0, NULL, NULL, NULL),
(45, 'insolacionDiaria?umbral=120', 1, 0, 1, NULL, NULL, NULL),
(46, 'indiceHeliotermico', 1, 1, 0, NULL, NULL, NULL),
(47, 'indicePosibilidadesHeliotermicas', 1, 1, 0, NULL, NULL, NULL),
(48, 'indiceBioclimaticoHidalgo', 1, 1, 0, NULL, NULL, NULL),
(49, 'mediaDiurna?metrica=1', 1, 0, 1, NULL, NULL, NULL),
(50, 'mediaDiurna?metrica=6', 1, 0, 1, NULL, NULL, NULL),
(51, 'crecimientoDiarioDendrometro?metrica=24', 1, 0, 1, NULL, NULL, NULL),
(52, 'contraccionDiariaDendrometro?metrica=24', 1, 0, 1, NULL, NULL, NULL),
(53, 'crecimientoDiarioDendrometro?metrica=25', 1, 0, 1, NULL, NULL, NULL),
(54, 'contraccionDiariaDendrometro?metrica=25', 1, 0, 1, NULL, NULL, NULL),
(55, 'crecimientoDiarioDendrometro?metrica=38', 1, 0, 1, NULL, NULL, NULL),
(56, 'contraccionDiariaDendrometro?metrica=38', 1, 0, 1, NULL, NULL, NULL),
(57, 'presionAtmosfericaNormalizada', 0, 0, 1, NULL, NULL, NULL),
(58, 'precipitacionEfectiva', 1, 0, 1, NULL, NULL, NULL),
(59, 'tendenciaDendrometro?metrica=24', 1, 0, 1, NULL, NULL, NULL),
(60, 'tendenciaDendrometro?metrica=25', 1, 0, 1, NULL, NULL, NULL),
(61, 'tendenciaDendrometro?metrica=38', 1, 0, 1, NULL, NULL, NULL),
(62, 'temperaturaMediaAcumulada?metrica=34', 1, 1, 0, NULL, NULL, NULL),
(63, 'temperaturaMediaAcumulada?metrica=17', 1, 1, 0, NULL, NULL, NULL),
(67, 'indiceSequia', 1, 1, 0, NULL, NULL, NULL),
(68, 'transpiracionVid', 1, 0, 1, NULL, NULL, NULL),
(69, 'metricaAcumulada?metrica=16', 1, 1, 0, NULL, NULL, NULL),
(74, 'tendenciaDendrometro?metrica=65', 1, 0, 1, NULL, NULL, NULL),
(75, 'contraccionDiariaDendrometro?metrica=65', 1, 0, 1, NULL, NULL, NULL),
(76, 'crecimientoDiarioDendrometro?metrica=65', 1, 0, 1, NULL, NULL, NULL),
(77, 'variacionTemperaturaDiurna?metrica=1', 1, 0, 1, NULL, NULL, NULL),
(79, 'probabilidadPrecipitacion', 1, 0, 0, NULL, NULL, NULL),
(80, 'enfermedadManchaNegra?modelo=true', 1, 0, 1, NULL, NULL, NULL),
(81, 'aguaUtil?eg=10,40,60&cc=35.3&pmp=18.4&porcentaje=true', 0, 0, 0, NULL, NULL, NULL),
(82, 'estresHidrico', 0, 0, 0, NULL, NULL, NULL),
(83, 'metricaAcumulada?metrica=36', 1, 1, 0, NULL, NULL, NULL),
(84, 'enfermedadMildiuTomate?modelo=true', 1, 0, 0, NULL, NULL, NULL),
(85, 'enfermedadOidiopsisTomate?modelo=true', 1, 0, 0, NULL, NULL, NULL),
(87, 'enfermedadFuegoBacteriano?modelo=true', 1, 0, 0, NULL, NULL, NULL),
(88, 'indiceSeleaninov', 1, 1, 0, NULL, NULL, NULL),
(89, 'enfermedadPolillaRacimo?modelo=true', 1, 0, 0, NULL, NULL, NULL),
(90, 'enfermedadFuegoBacterianoMaryblyt?modelo=true', 0, 0, 0, NULL, NULL, NULL),
(92, 'caudalRiego', 0, 0, 0, NULL, NULL, NULL),
(93, 'pluviometriaDiaria?metrica=91', 1, 0, 0, 91, 4, 1),
(94, 'metricaAcumulada?metrica=93', 1, 1, 0, NULL, NULL, NULL),
(97, 'heladas', 1, 0, 1, NULL, NULL, NULL);

INSERT INTO `MetricaDerivada_Metrica` (`metricaDerivada`, `metrica`, `requerida`) VALUES
(15, 1, 1),
(16, 11, 1),
(17, 1, 1),
(18, 1, 1),
(19, 1, 1),
(20, 1, 1),
(20, 6, 1),
(22, 1, 1),
(22, 2, 0),
(22, 6, 1),
(22, 26, 0),
(31, 1, 1),
(31, 6, 1),
(31, 11, 1),
(32, 1, 1),
(33, 1, 1),
(33, 2, 1),
(33, 6, 1),
(34, 1, 1),
(35, 1, 1),
(36, 1, 1),
(36, 6, 1),
(36, 9, 1),
(36, 21, 1),
(37, 21, 1),
(39, 1, 1),
(39, 21, 1),
(40, 28, 0),
(40, 29, 0),
(40, 30, 0),
(40, 64, 0),
(41, 1, 1),
(43, 1, 1),
(44, 1, 1),
(45, 21, 1),
(46, 1, 1),
(46, 21, 1),
(47, 1, 1),
(48, 1, 1),
(48, 11, 1),
(48, 21, 1),
(49, 1, 1),
(50, 6, 1),
(51, 24, 1),
(52, 24, 1),
(53, 25, 1),
(54, 25, 1),
(55, 38, 1),
(56, 38, 1),
(57, 8, 1),
(58, 1, 1),
(58, 6, 1),
(58, 9, 1),
(58, 11, 1),
(58, 21, 1),
(59, 24, 1),
(60, 25, 1),
(61, 38, 1),
(62, 1, 1),
(63, 1, 1),
(67, 1, 1),
(67, 6, 1),
(67, 9, 1),
(67, 11, 1),
(67, 21, 1),
(68, 1, 1),
(68, 6, 1),
(68, 9, 1),
(68, 11, 1),
(68, 21, 1),
(69, 11, 1),
(74, 65, 1),
(75, 65, 1),
(76, 65, 1),
(77, 1, 1),
(79, 11, 1),
(80, 1, 1),
(80, 2, 0),
(80, 26, 0),
(81, 28, 0),
(81, 29, 0),
(81, 30, 0),
(81, 64, 0),
(82, 3, 0),
(82, 4, 0),
(82, 5, 0),
(82, 66, 0),
(83, 1, 1),
(83, 6, 1),
(83, 9, 1),
(83, 21, 1),
(84, 1, 1),
(84, 6, 1),
(84, 11, 1),
(85, 1, 1),
(85, 2, 1),
(85, 6, 1),
(87, 1, 1),
(87, 11, 1),
(88, 1, 1),
(88, 11, 1),
(89, 1, 1),
(90, 1, 1),
(90, 11, 1),
(92, 91, 1),
(93, 91, 1),
(94, 91, 1),
(97, 1, 1);

INSERT INTO `MetricaGrupo` (`id`, `nombre`) VALUES
(1, 'Temperatura'),
(2, 'Humedad'),
(3, 'Suelo'),
(4, 'Meteorología'),
(5, 'Índices climáticos'),
(6, 'Planta'),
(7, 'Parámetros internos'),
(8, 'Modelos predictivos');

INSERT INTO `Profesion` (`id`, `nombre`) VALUES
(1, 'Técnico de campo'),
(2, 'Técnico de elaboración'),
(3, 'Investigador'),
(4, 'Profesor'),
(5, 'Estudiante'),
(6, 'Otros');

INSERT INTO `TipoAcceso` (`id`, `nombre`) VALUES
(1, 'web'),
(2, 'web-auth-url'),
(3, 'api'),
(4, 'app-android'),
(5, 'app-ios'),
(6, 'app-windows'),
(7, 'app-unknown');

INSERT INTO `TipoCultivo` (`id`, `nombre`) VALUES
(1, 'Vid'),
(2, 'Olivo'),
(3, 'Frutal de pepita'),
(4, 'Frutal de hueso'),
(5, 'Frutal cítrico'),
(6, 'Hortícola'),
(7, 'Cereal'),
(8, 'Otros');
SET FOREIGN_KEY_CHECKS=1;
COMMIT;

/*!40101 SET CHARACTER_SET_CLIENT=@OLD_CHARACTER_SET_CLIENT */;
/*!40101 SET CHARACTER_SET_RESULTS=@OLD_CHARACTER_SET_RESULTS */;
/*!40101 SET COLLATION_CONNECTION=@OLD_COLLATION_CONNECTION */;
